,Race or Ethnicity,Population
4,"Native Hawaiian 
or Pacific Islander",0.04650235833388693
2,"American Indian 
Or Alaska Native",0.41927613341949355
3,Asian,1.1993984889753175
5,Some Other Race,2.498293906983205
1,"Black or 
African American",5.104539717241504
7,Hispanic or Latino,5.469311463133293
6,"Two or 
More Races",5.737303950284751
0,White,84.99468544476184
