Age:Under 18,Age%:Under 18,Disability:With Disability,Disability%:With Disability,Minority,Minority %,Age:55 and Older,Age%:55 and Older,Age:65 and Older,Age%:65 and Older
147101.0,20.76260779968666,78660.0,11.208401313773964,329049.0,45.96401092914494,168824.0,23.828706121469605,87560.0,12.358678315854846
